BDDav,1164526
CookEasy,453226
SyoZohma,4138281
Colette,6428769
Far_Q,2896273
Enrix,2930918
Draq,3348115
Slizzer,809983
Vettel,1208858
Manakura,2414602
Pray,2190336
AtHeoN,1770367
scuoa,2295787
[- Nishi -],3992582
Kumano,3802286
KaanKorkmaz,4906401
Musty,251683
Nerox,2140973
pyon,2319238
-Trinity-,2378394
- Slice -,4239265
Azer,2155578
DVa,1549620
Chuquebecois,4528078
[ nong422 ],2572468
Ephix,3772251
Phenomenol,5247739
- Angel Dust -,1122052
SoRayZe,2969691
Xim,2083664
Hunsaker,3322364
karalis,3146018
etejuano,2243537
- Lulek -,1022587
[Neetwork],2765201
Vaxei,4787150
wlkkk,3297678
revurii,4180036
Gayzmcgee,1419095
Vinsu,2803031
VXB,2597452
Rafis,2558286
unberlin,2408278
Enhu,2840499
folence,2790454
koki6,1149010
- Tea -,1533041
Rean-K,462601
Spork Lover,3417469
Hazukashi,3477760
Rinzler,2133381
Shiawase,989489
Haruna Kumo,3737820
Lazer,1799925
Igor Cabra,3785103
ShiraKai,487668
Keen,4934888
funky enough,2390581
Reifos,2205189
Mareyo,2479500
w1sp,2770796
Avenging_Goose,3985234
jackylam5,1540807
Distant years,1515238
Aia,3492472
wobeinimacao,350723
Firebool,6182439
Epiphany,3256299
Boy_314,4757979
DoKito,537084
[C u r i],4746949
Mustaash,1669213
4mpy,3755451
R18PoliceMen,694955
MouseEasy,1558603
Shiro,113005
aleho8,6127312
Ezoda,1231180
Helix,3322597
_derp,6168403
Darksonic,570042
- Phantasma -,1427407
HundurThePanda,3145033
MrPotato,2787415
Hakkero,177913
Elzbieta,3734954
[ Yozzied ],675132
nicogame14,3812213
Toshinou Kyouko,560228
Monko2k,4852013
Toushi,2367825
Akani,2323137
ededed028,3932796
Bowlglet,622485
ghanem,1520100
Xtra,4255229
Tetla,3545547
Thunderbolt235,2546192
Xytox,2229274
Cecile,1735143
Sarthorious,1330043
Shiku,3970174
xSeato,3368889
smiljko,3537949
OuO,1638303
Poncho,4067039
Naxurin,3589423
skySoranano,2380030
mookss1231,1483371
Saferon,1825822
- Daichi -,6602580
Shiorii,5387798
Sinch,360552
deniska6364,534818
YuaKKuma,655545
Jameslike,2415743
Ashtar,1565856
Cookiezi,124493
Icsia,548250
Kaneko Hanano,3705034
rustbell,227717
-raizen-,3872987
7 K e n a n a 7,1769338
ZeCryptic,3381441
_YuriNee,1794082
Urania,2146286
Ice Angel,1036441
HenBurgaaa,4663479
Worne,1019489
Ralyks,3700648
Y o u Y o u,3863328
T-lex,1008703
Roro Rosset,673214
Mizarr,4678615
Jararered,1695989
Fuyu,509119
Karthy,4196808
HueFlakes,4339086
Aphromoo,2736959
Zerokae,3910192
Blanco,4106400
TobiGH3,3341040
Wonder,3687318
KHRiku,3104514
SodaCatz,1483659
Mirtrax,2290888
_lai,3045895
Risiing,2282047
Megure,3468264
Haenes,1568047
Num,5198060
legekka,4142446
jesse1412,230116
Chronomarly,4991464
Flaven,3213239
Principe,2796962
Komaa,4260383
Commy,1023420
Cnya,1759879
HoriTatsuka,6037475
- Croma -,1752181
NeBuSC2,4099626
Rilium,2168969
Menthuthuyoupi,2715937
Xilver,3099689
Saizu,4064914
uyghti,3641404
Chippy,2314115
Icyteru,1055634
Beomsan,3626063
Cometblazer,4510153
TheCoon324,1458932
Emperorpenguin83,1688846
Shiratu,1731277
Kurtzilllaaa,5042825
xxxTREME,796613
morikuso,751834
Nakocchi,4039773
Rohulk,3219026
Adam_tw,3414615
xelo ns,3182941
-Kupo-,4343103
Duskuser,2680530
-MoeYandere-,2565902
GGBY,629717
[NEX],1662669
zxxzxxz,1646474
Sylian-Kouhai,2317990
PunkyBoy,67326
[ ZhengS ],2671317
thelewa,475021
Haganenno,4692344
kaminogi,3987661
Sablestars,2429055
Mya,2868952
ZachiZombie,4597600
Tokichii,557197
-Zelos-,2284721
Lunirs,2118945
sullyjhf,1994780
Juno,2588961
Yuki-Desu,3639017
Dumii,3068044
Admirable,456788
Capu,2474015
Flask,959763
ToLove,4772355
AceofSpades77,2246832
[ Guardian ],2997578
Gokuri,343865
Qash,3648411
Katziezi,3087892
MiruHong,2866814
Nodame,5217060
-Archangel-,1545019
Maitro,3634383
LordTimeWaste,4105747
step_201064,1590115
Otters,4817162
Mayoler,2121993
Shield,2587424
B e N i,733878
Guy,91738
DenierNezzar,126144
yellowy246,3833980
Kirin,1852356
_WinRAWR,3360947
momotayan,1448729
Neliel,1500305
[ Emillia ],2003326
Yakisoba_Pan,3345902
pyrowar56,5330236
K_N,3158922
[ Wakson ],3048222
Qinec14,2308998
Noname0,280147
Zodiaack,3096229
Yacos,786579
ArKeda,4765925
Pants,2694367
napaleon,3269419
Moly,1843224
Gomo Pslvarh,1206417
Afrodafro,3551255
MFZ,2162960
quattro cani,2154153
One Miss,4476989
Kyschel,3305640
Chiu,3148900
Laughy,3681024
Niii-san,5403374
_vu69,2345079
Ragnawrawk,1838239
aod,723100
owatan,2539431
Dungeon,461720
Hyppyri,3123423
Lunaii,3683387
kune259,1160923
Mayoi Hachikuji,2114273
Ciao,2674642
Zola,4272894
Shott,965354
Sanze,3110552
Melt3dCheeze,634837
Xenbo,1895489
JappyBabes,697783
fartownik,56917
Ceptin,3221564
Aden,4342841
My Aim Trash,903167
[HALLO],1874761
davidqu2,6090175
Homura-,482120
Henarca,3344355
FayeurS,3105416
BeasttrollMC,3171691
K-Rebu,3798482
Korilak,7260014
Broodich,2484629
Happy New Year,4600341
Pain,1460263
CookieNia,2034211
hvick810,2400141
OsunMoM-,1856728
SASADUKA,440918
Arakune,3689111
CocoaLion,1224334
koki,846235
TenaPotato,528066
ClystaL-,4467080
callmebatya,3512112
flansl,673549
Venyera,1477258
Tofas,2755584
Blue Dragon,19048
Dzyre,2456599
marziale,3822323
Lufu,3254891
Teriyaki,1431589
Josh,2510409
Kyoko,3382084
XII,3623465
Serah,1314651
-SoMoE-,3814776
Kynan,1093361
Sanjilift,3260571
i i,4399585
mukaitou,2489944
Miucs,2364169
Sequence,3478883
ChitogeOP,4732944
Yellow,1203216
Crystal-,2006663
My Angel Albedo,1164818
Jaybladezz,3725492
Wynner,4657263
Summer Solstice,3233710
Minato3,2876001
kittenrequiem,3513687
Squilly,4681578
Zhen Ji,3495610
-Konpaku-,2258797
Psycopath-,3233957
[Mashiro],1561659
Suzutsuki-,1026028
SkyzWai-,2353581
AngeLMegumin,1777162
Forget me not,1850191
DrayZess,2329891
AmaiHachimitsu,844815
PeaChick,213014
LoGo,750382
Kyle,2694475
Liya,4607827
Sebu,3990173
Texats,1638293
schlafen,1590461
Andrew,1776275
lndex,2038320
Dramilion,3058773
KiTeaa,4361513
Auji,4114438
Omgforz,578943
-GN,895581
NNAisle,5979619
Catalysis,5958063
younited,2463971
Elco,2878139
Misaki Tobisawa,1715977
Anroyz,1818573
PhaCeLia,483523
Shokobear,2476728
Stoof,4916057
Meiph,2367544
-Ekik-,2926676
raycoN,2971468
DarkMooha,2705430
Myjuu,3983028
GHAngeloid,2792595
SyeruP,1725495
Corim,4242767
FriendoFox,3678808
HideZ,504657
Kulezi,2603251
Hotaruduka Yuno,6590318
21_sucks,3020593
gasanww,487985
shAe1eck,1553672
Climate,1735867
Lt XVII,4896825
Poruteri,1379576
Shockwave000,2295157
P1u70,4914055
Rixia Mao,3314431
diciestaking,5701369
Koalazy,286740
[ Beatrice ],683791
Summer,3301656
PizzaLovers007,1064536
Houkago Stride,5708643
OK_Kenny,3888456
DubiosSchiffer,2426687
Orbi988,3574151
ncuh,2891734
neofoxxed,3368568
Duftende Pizza,2316517
surume yotyan,1704801
n0ah,3086393
SoMad,637168
Sage,1795094
Kalvin,4420138
[ - Horo - ],3299660
Yuiteru,2197474
Benton,791477
ShadowSoul,494970
mmaasslloo,3526708
Cocaine dog,3213014
[ Zane ],3517706
Veth,1715441
_iV_,3711142
BannedForever,3127339
Eileyn,4607327
brianssa,4024745
Silleth,408088
pielak213,310455
xasuma,3172980
K a z a m i,1156457
muchy,1489475
Mercurius,589550
Miroku,1492771
Gian,2105981
Al Tang,1017801
sardine0221,16622
Goki,3244031
ruexia,385069
makise38,1924433
Lua,2575976
[ Kuro Usagi ],997489
FrostxE,199669
Leotic,4263943
Neab,916693
Latrio,4613551
Effole,2159014
ch2035,532488
[ AeonLust ],2353490
Arthior,3274817
Recia,1787027
Akcel,464203
Jonimay,1118341
kafaN,1489743
[ Pustules ],2419478
Fangzy,4497691
FllareA,1163931
AAA,4374853
Wookiezi,4407567
WhiteLily,4060366
Dunois,4581715
PiaCubric,1410870
Splinter572,846038
MAJINAx,669808
Shelbis,2639159
Broccoly,1629059
KevstracK,5325213
NeruNeru,1818279
eoehd1ek,3938876
Seto Kousuke,2857314
-cr1mmy-,803766
Kaifin,2596942
hyheleh,2522197
GSBlank,2312106
0120,1901534
KeigoClear,512319
Arnbition,5295743
Tonarinototoro,2678812
Mrotaku,2266860
Hime Lotus -,3449887
Snow Wind,2163585
Fataliis,3047470
Kairi,1586237
Noiraku,1151469
Yuza,3077037
azger,2335982
FlowR,2245830
Sakke,4982095
SilveRain,1451035
XaooN,2299016
potatoes,2490088
Blackskyline,2176282
InabaTewi,1078004
renoxz,686093
IDAN,4259603
Clarity,3441616
murasaki_sk,1022958
Shirone,1426098
sk0,3492649
Raishu,2356242
Umbre,2766034
Mysto-kun,1541361
warrock,2841744
Genny,2485447
xl Nyan caxX lx,3317151
eLy,1014222
nycto,2867764
ikaNyai,7088526
Borobo,2098964
[ baka 3b ],3016611
Desired,2752380
Blank-,3394763
Mira-san,1587999
Rion-,1451544
Leaf,1380419
La Valse,70863
Sk1t4,2952267
a loli,1488796
Kardet,1438509
Another6_4,2542633
Asahi,1634116
Kafuu Chino,2451651
HaruTachi-,6244066
Fumiko-,4360439
Shimox,1192387
Shii,2911062
Informous,4734244
Small K,952751
Seelder,5263422
Red_Pixel,4170932
Celis,1136098
Kuronora,2742030
YoonA-,1639250
Cien,613953
Constelletion,3074650
Hexicate,2171562
MrBooM,1837989
Ritzeh,1028387
Koltaylolz,4787843
Nemis,1635091
Elscar,2253511
Doomsday,18983
vaporlol,3007738
Lexalia,1887616
My Not,1572405
Spare,2204373
zeluaR,1126229
Banana-,4557083
little Agile,1843469
Spook,2232928
xsrsbsns,414427
Fr0th,3458870
Winner,3437263
Mizuru,4495871
Melanch0wl,3123773
WhiteCat,4504101
Arcadeas,3216875
Sonoda Umi,746866
MichaelS271,3776682
Aireu,1650010
ClawViper,2681361
Rhijitsu,2049315
Dustice,754565
Sam,1453543
ReusoL,2539010
- Aki,5225646
ExLeaF,4115408
Haynoru,3281136
hshs,1644514
RealCuT,1610850
yeahbuddyzz,1794903
waaiiru,903978
Cerkie,2533400
Te Amo,2271558
Oxia,1825928
NaMiHeY,525368
benjacala,1625740
R u n e,1355814
Reimu-Desu,948713
Fedora Goose,2323131
FunNi,1159887
uvrv,2933416
oohily,551450
baobob,1796438
schultzika,3629410
Alieen,4743869
SpajdeR,3446664
Game,1872675
PudiPudi,2245807
Chidori,5258565
dabovo,3522753
[ WayZ ],2008278
Toke,2601166
Breiz,2105946
Resia,843086
- Menma-,4392909
Nitro,654098
kuu01,2148231
Mafham,3660531
Shiny Gardevoir,4360718
Musieq,3307040
fieryrage,3533958
HappyStick,256802
nf_nl,1202460
Satoruu,2243452
Shounen X,960621
-Wolfy-,4497582
follon,3973474
Antynum,4291334
Poofie,3517198
Rekia,3200014
Apraxia,4194445
quickly die,2823991
anticlown111,1950600
Shodan,2385768
KonataN,1243556
ffury,2056071
IasiS,915319
Cres,1405558
KagaR,2500230
Coyri,6353097
Bubbleman,5182050
Spark-desu,4601608
Axarious,2614511
Identical,3181676
No01,2259709
shortpotato,1266102
Doma Umaru,1463343
MatsumotoRise,672726
Lolisim,5623417
Pantsuki,1025587
WhyMyHandSoSlow,699968
404 AimNotFound,2688581
Saulunpei,3461251
Tobirama Senju,3188127
_kyky_,4519400
randomizer89,648613
DudsonZ,3245028
Runa,4643294
Jacob,2786413
KoTo,1382805
NonxE,319312
WORSTPOLACKEU,2686293
AntoN,2538562
Raiku,1525538
cptnXn,495272
Mikkuri,317494
Startrick,2782104
Maxe191,2184751
Sandsky0,2217753
DeadZoNeD,3859506
Hijikata,1694523
Ferelix,5580827
TheKid217,4843831
_tsubasa_,1365316
Lucid Astray,1773225
TaNaBaTa,756273
kutafix,4030832
Firstus,1856829
Kouhai,3054147
II Jelli II,5113781
TrickMirror,2138739
- G I D Z -,2286528
Quanteck,2122400
mithew,2571893
Zinkon,85043
FunOrange,2051389
kLeptO,2902534
Zboys,2876906
xElectroGH,3251373
[ Jewel Yuki ],1749413
Woobowiz,4125233
Rekaru,4152967
Illkryn,2106057
PeteX,1285945
Jace,4394718
Win,3166197
Meg,1872496
Ivan,3564437
Mlaw22,3126596
jeydude,2145193
Ackane-,2003677
Onecuber_,5438044
-Zirba-,4183454
kek,2148013
SiNon,3537182
Eldera,3861234
[RanYakumo],1234432
Fuwzie,4887814
Fenrir,2644700
Amamiya,3934999
Peekamoo,2337263
MeiMei,1597068
talala,1389663
My Aim Sucks,1883865
Puffydaddy,3877775
Astar,27055
Rizer,5155973
Boggles,3923278
Plz Enjoy Game,4758982
DualAkira,5220933
WubWoofWolf,39828
Schill Cyrene,1827174
Pochiko,2274171
Natalia,2162669
ebc123,2132093
Kosmonaut,3241280
-PC,2916414
AdveNt,592971
Babii,1176836
haxsu,1042325
skashiro,2913127
Cherie,1869975
Sakurai MomokaP,1978650
YuyuKo sama,234788
ArtxE,954557
cmnk,4151585
Ignite,3122948
Rucker,147515
Molester Moon,3440388
TequilaWolf,3633477
Subbie,1590138
Huang Melin,643390
Tomadoi,5712451
Neel-,3923207
Calcium,2507306
CXu,84841
[ - Sora - ],2987120
Madokaaa,2558823
5231_Kinoko,181057
WeanXianzheng,2715574
Mathi,5339515
AxewB,4928776
erictran0,2846454
Pumbossable,2401317
PikaPwn,2012453
OhAHO,1066760
-Marika,2199427
Inuchin,761968
[ G h o s t ],3530678
smh,1629553
ChronoTrig,3687489
DenObscure,2678448
Hippo,5248337
isokasapupuja,1770462
oxycodone,559998
Diulenomo,2468119
Noobsicle,3432672
MetoA,3909629
MRT,726836
Darkform,3001648
kawaine,4628308
sAraShina,723565
Cinia Pacifica,1414625
NuHaru,939213
tomtusi123,2700600
Jesus[Krists],2842992
[Chiyo],2000416
-peachtea-,1837610
Tank A13,1712195
yandri,3824470
Riven,3638005
Arnold24x24,2291265
Rampax,3995630
[hamiy],2018768
Aardappel,4587487
Rosalie Lu,4507345
legendcrazyman,2644828
haruurara222,85491
Alkees,2819970
Megatron is bad,2570828
Tiger Claw,2064445
Potofu,657404
Liqh,3409838
DazzLE_Wind,2537924
Astana,4170037
_index,652457
Elysion,106269
[ BJ ],2417147
dok1e,2772381
xiAmME,1428960
Ayalis,1545563
gejutel,4365203
lahphnya,1722835
VINXIS,4323406
Enon,2043401
DT-sama,3525018
Alleros,4258689
Maffe,4773855
Toukai,1541390
Beafowl,2438122
Bauxe,1881685
Kakiage,3104031
Dalis,2253815
Myko,1049999
hvick225,50265
Zog,3722715
Neta,832084
Chaltier0,2651038
Akane-Yuki,3656589
Satella,3258429
Reisen Inaba,3293811
- Josro -,4338711
- Eucliwood -,1587427
QonQuest,988503
Russy,1238627
[ MILK_Jiang],3066316
- Bastian -,4940765
Chinese_Yazi,5163991
Nento,2368367
Gio,1795827
-Akky,2330112
yuilemo,707242
[ZN],1030696
huono_tuuri,1432954
Zavarka,4607565
Husk,3578707
FzimoNN,1937445
Flathel,2368932
Vocal,2369650
Imamoto,1201224
-Hebel-,6169483
wavezz,676188
Clyine,1275211
-Kazuki-,3614356
Wario,4361729
SpringLane,1343504
Castiel,1986262
Nakano-,1893953
harunaruna,2932923
Moose,2528324
Myst1k,5302223
r0beRT,1503557
Quallinski,3063460
DJ Fuduji,606544
DeleteNumber,4837956
Koba,4448118
-HERO-,1884516
Tosino Kyoko,4224060
XGY,1319424
MarthXT,2909663
Smoothie World,1855540
vsprite,3873522
Nelissa,2948828
Reyuza,2454767
MentaLoli,817840
SylviaL,3871716
John the Dog,3455623
bahamete,960620
CPUGeek,4172839
MasterKotori,2351439
Colors,2468171
[TAKA],3733455
Yuria,625988
YuLi,1655110
Pein,2212941
FeriOP,2052847
Death,3242450
Pavriel,2677809
Golden-Lin,615442
mniminwoo,3929529
Saimonea,4535785
fujiXn,6702666
Dakke,3334945
sayonara-bye,713266
Makezu,3448024
Granje,496387
mrspazzaneve17,3516241
N a n o,694114
Uryuwei,459130
Momoka,3044645
Weertypoi,3502504
Kenshin,4452066
Destroid248,4698488
Akairushi,2647539
LLoyd-chan,2849149
SrSkyPlayer,3860376
Ruru,1724626
Anzu Takakura,6466331
Ruchika,2657537
Garden,2849992
Kipley,2372045
mcy3,2165650
Alumetorz,1145984
DanyL,3069354
MblLO,2569683
xXKorreal420Xx,4470107
FatalLimit,2484984
Hanatan,1349849
Curse,4596906
Gyuunyu,799102
filsdelama,2831793
Prosternick,3554237
taku,684433
Cyanogenoid,924119
bossan,972949
Dsan,1266166
saikurondark,2060046
-T A R U L A S-,3179601
Tatsuyu,6410432
vitoco09,4282963
iamVill,6295380
Xbox,4050740
Death Zone,1886902
PEPOTTI,358287
Neko Mimi,2809605
Venrue,3004893
ThePooN,718454
Mood Breaker,692065
Syph,4858573
Koni Kinmo,2106534
SevenTeen-,1859195
Natorin,617194
Passara,2317382
Amane-,2276847
Black Sheep,711664
[Toy],2757689
Van Darkholme,1661517
Crissinop,3429926
Tomoko Kuroki-,4418213
Chewin,617323
mrzomb,1694887
Qu1z,526851
Talbadar,741407
Write,5113673
Prograf,1549088
serea,371961
UtiDa_K,2250475
EreCuLu,1003104
fabriciorby,209664
rafalbrew,3872602
-Kai,4397314
Jemmmmy,1921587
Wilchq,2021758
dat boi waffle,4215381
Sugoi Desu,5210595
idke,4650315
Hydra,940964
Znon,2367162
ayy lmao,4680149
Tobi,2970667
Nephyle,1833817
Rinquin,4050465
Akiko-,1226106
Asion,5894953
-P0INT-,751908
Dzui,2706417
Qchan,3847274
Woey,3792472
Forseen,556012
Sheba,2477878
Chaoslitz,3621552
Snowio,2087761
Piggey,4163860
moguosu,4220317
[ Lili ],4952690
allives,3951781
Sooki,1451811
Regnall,926370
Playboy,2165558
Univer Page,2163338
Zekker,4663554
Usagi sama,384478
ExpertBOT,2378346
pattrik,2823017
imagaK,2022445
AIoli Sauce,5282664
Yazone,2538125
anchobi,592034
Faics,4133758
Horo,992439
lorelai,2297662
EAASYMONEEY,83114
Fetish,3071262
Emula,2891792
Saix,1713861
Mikoto,621553
3D Printer,5051617
nibupls,4309886
W3SON,2070822
CatsOnAcid,2665486
Touchette,2370889
-Wagashi-,614138
ItsKevZii,5201225
Woffel,3915122
Pittigbaasje,2167433
ChokoretoMiruku,4712799
NerO,1545031
Danidesu,2748187
kjuszino,3623805
Aoba Karingo,4012621
Piotrekol,304520
MURROX,771635
pro boxer-MATSU,1811176
Twintail,2197482
0203okaT,1897445
M a c,2414526
uzuran,867846
chugleader,1622883
Meltina,946990
Sheeaper,3299569
-Lucy-,1048423
Ma yin,1706092
oneplusone,1843447
CrtReXn,1810239
Tengu,380836
Seouless,3328676
_---_,2930683
DaDobster,4630536
Super Arrow,1970239
[Lunatic Bell],4098646
Delis,1603923
Der,4405666
hlx_groden,2041322
Mayzel,696435
Watsaiye,3770761
hummingbird,3232447
Ultimatum,3411877
Kup92,1606295
Salvage,242119
-MapleLeaf-,7488955
Aeril,4334976
ReaL motion,2556958
